﻿<?xml version="1.0" encoding="utf-8"?>
<Project ActiveConfig="default" Platform="Windows" Runtime="VM" Device="Default">
	<Desktop x="-8" y="-8" width="1920" height="1017" id="19" title="rpgprototype - GameMaker Studio 2" windowState="Maximized">
		<Workspaces>
			<Workspace active="False" chain="True" title="Objects" localise_title="" user_edited_title="True" workspace_offset="[-36, 1193]" workspace_scale="1">
				<Module Command="open_object_editor">
					<ObjectEditor objectId="9d44544e-9fbc-4167-a9f9-e3d3a2fc0b1b" objectName="obj_goblin" eventsOpen="true" parentOpen="true" physicsOpen="false" physicsEditorOpen="false" propertiesOpen="false" activeWindow="physics">
						<WorkspaceChain left="40dpi_px" top="755dpi_px" />
					</ObjectEditor>
				</Module>
				<Module Command="open_object_editor">
					<ObjectEditor objectId="5770aa09-f672-4cc9-9aa4-9cccc6a1ce67" objectName="obj_partyMembers" eventsOpen="true" parentOpen="true" physicsOpen="false" physicsEditorOpen="false" propertiesOpen="false" activeWindow="physics">
						<WorkspaceChain left="40dpi_px" top="1985dpi_px" />
					</ObjectEditor>
				</Module>
				<Module Command="open_object_editor">
					<ObjectEditor objectId="f2718eae-321b-4e91-b151-9db745b78c4f" objectName="obj_enemyParty" eventsOpen="true" parentOpen="true" physicsOpen="false" physicsEditorOpen="false" propertiesOpen="false" activeWindow="physics">
						<WorkspaceChain left="40dpi_px" top="5735dpi_px" />
					</ObjectEditor>
				</Module>
				<Module Command="open_object_editor">
					<ObjectEditor objectId="20a193cb-3e88-4c17-a86f-8511d3922185" objectName="obj_battleParticipant" eventsOpen="true" parentOpen="true" physicsOpen="false" physicsEditorOpen="false" propertiesOpen="false" activeWindow="physics">
						<WorkspaceChain left="40dpi_px" top="5105dpi_px" />
						<DocumentWindow columns="1" fullscreen="False" activeTab="0" isActive="False" w="900dpi_px" h="600dpi_px" linkIndex="-1">
							<Script column="0" file="${project_dir}\objects\obj_battleParticipant\Create_0.gml" resource="20a193cb-3e88-4c17-a86f-8511d3922185" subResource="71765c4d-0069-41c0-b13c-d5e6cc315e63" overridden_title="False" view_readonly="False" />
						</DocumentWindow>
					</ObjectEditor>
				</Module>
				<Module Command="open_object_editor">
					<ObjectEditor objectId="7ef6be8a-6849-4758-b54a-df0c691cf29d" objectName="obj_hanna" eventsOpen="true" parentOpen="true" physicsOpen="false" physicsEditorOpen="false" propertiesOpen="false" activeWindow="physics">
						<WorkspaceChain left="40dpi_px" top="4475dpi_px" />
						<DocumentWindow columns="1" fullscreen="False" activeTab="0" isActive="False" w="900dpi_px" h="600dpi_px" linkIndex="-1">
							<Script column="0" file="${project_dir}\objects\obj_hanna\Create_0.gml" resource="7ef6be8a-6849-4758-b54a-df0c691cf29d" subResource="59bc7c9d-8f00-42b2-85d0-ea8a1ca6d479" overridden_title="False" view_readonly="False" />
						</DocumentWindow>
					</ObjectEditor>
				</Module>
				<Module Command="open_object_editor">
					<ObjectEditor objectId="5ab802b0-3dad-4595-983b-c80acd0fa093" objectName="obj_desmond" eventsOpen="true" parentOpen="true" physicsOpen="false" physicsEditorOpen="false" propertiesOpen="false" activeWindow="physics">
						<WorkspaceChain left="40dpi_px" top="3845dpi_px" />
						<DocumentWindow columns="1" fullscreen="False" activeTab="0" isActive="False" w="900dpi_px" h="600dpi_px" linkIndex="-1">
							<Script column="0" file="${project_dir}\objects\obj_desmond\Create_0.gml" resource="5ab802b0-3dad-4595-983b-c80acd0fa093" subResource="8ea8f020-c6b2-41ce-ad15-ffbd7d7d92a3" overridden_title="False" view_readonly="False" />
						</DocumentWindow>
					</ObjectEditor>
				</Module>
				<Module Command="open_object_editor">
					<ObjectEditor objectId="4e9cf10d-a8a1-4bd1-a8bf-ece39d1de19f" objectName="obj_marty" eventsOpen="true" parentOpen="true" physicsOpen="false" physicsEditorOpen="false" propertiesOpen="false" activeWindow="physics">
						<WorkspaceChain left="40dpi_px" top="3215dpi_px" />
						<DocumentWindow columns="1" fullscreen="False" activeTab="0" isActive="False" w="900dpi_px" h="600dpi_px" linkIndex="-1">
							<Script column="0" file="${project_dir}\objects\obj_marty\Create_0.gml" resource="4e9cf10d-a8a1-4bd1-a8bf-ece39d1de19f" subResource="840d533b-fd14-4e08-8b8b-b61f5802c21d" overridden_title="False" view_readonly="False" />
						</DocumentWindow>
					</ObjectEditor>
				</Module>
				<Module Command="open_object_editor">
					<ObjectEditor objectId="257eaadb-9abf-41c9-9d28-a9e5f8bcda2d" objectName="obj_lantroix" eventsOpen="true" parentOpen="true" physicsOpen="false" physicsEditorOpen="false" propertiesOpen="false" activeWindow="physics">
						<WorkspaceChain left="40dpi_px" top="2585dpi_px" />
						<DocumentWindow columns="1" fullscreen="False" activeTab="0" isActive="False" w="900dpi_px" h="600dpi_px" linkIndex="-1">
							<Script column="0" file="${project_dir}\objects\obj_lantroix\Create_0.gml" resource="257eaadb-9abf-41c9-9d28-a9e5f8bcda2d" subResource="370b565c-17e3-4f8c-bee0-9f9b44cf6d33" overridden_title="False" view_readonly="False" />
						</DocumentWindow>
					</ObjectEditor>
				</Module>
				<Module Command="open_object_editor">
					<ObjectEditor objectId="800338f4-3b19-4b51-ba3d-ff336a8a903c" objectName="obj_battleSystem" eventsOpen="true" parentOpen="false" physicsOpen="false" physicsEditorOpen="false" propertiesOpen="false" activeWindow="parent">
						<WorkspaceChain left="40dpi_px" top="1355dpi_px" />
						<DocumentWindow columns="1" fullscreen="False" activeTab="0" isActive="False" w="900dpi_px" h="600dpi_px" linkIndex="-1">
							<Script column="0" file="${project_dir}\objects\obj_battleSystem\Create_0.gml" resource="800338f4-3b19-4b51-ba3d-ff336a8a903c" subResource="ba0e3818-a280-40c6-922c-3e40ed39b85e" overridden_title="False" view_readonly="False" />
						</DocumentWindow>
					</ObjectEditor>
				</Module>
			</Workspace>
			<Workspace active="True" chain="True" title="Notes" localise_title="" user_edited_title="True" workspace_offset="[-418, 2]" workspace_scale="1">
				<Module Command="DocumentWindow_RestoreLayout" WorkspaceOwner="true">
					<DocumentWindow columns="1" fullscreen="False" activeTab="0" isActive="False" w="900dpi_px" h="260dpi_px">
						<Script column="0" file="${project_dir}\notes\plan ahead.txt" resource="5e1f1718-609c-43ff-a589-92402e88c99d" subResource="00000000-0000-0000-0000-000000000000" overridden_title="False" view_readonly="False" />
						<WorkspaceChain left="40dpi_px" top="125dpi_px" />
					</DocumentWindow>
				</Module>
			</Workspace>
			<Workspace active="False" chain="True" title="sprites" localise_title="" user_edited_title="True" workspace_offset="[0, 1351]" workspace_scale="1">
				<Module Command="open_sprite_editor">
					<SpriteEditor SpriteEditor_Id="d27e6cf0-7295-42cd-a5b5-ef055ba10129">
						<WorkspaceChain left="40dpi_px" top="125dpi_px" />
					</SpriteEditor>
				</Module>
				<Module Command="open_sprite_editor">
					<SpriteEditor SpriteEditor_Id="dfe88f3c-da40-46bc-a795-85a6847b5b69">
						<WorkspaceChain left="40dpi_px" top="2813dpi_px" />
					</SpriteEditor>
				</Module>
				<Module Command="open_sprite_editor">
					<SpriteEditor SpriteEditor_Id="e119794f-9945-4d7a-9dda-0ade168f8949">
						<WorkspaceChain left="40dpi_px" top="797dpi_px" />
					</SpriteEditor>
				</Module>
				<Module Command="open_sprite_editor">
					<SpriteEditor SpriteEditor_Id="dcde1eeb-7d1f-4151-a379-97bfba8d0a32">
						<WorkspaceChain left="40dpi_px" top="2141dpi_px" />
					</SpriteEditor>
				</Module>
				<Module Command="open_sprite_editor">
					<SpriteEditor SpriteEditor_Id="3194487f-f16e-4a36-86ff-422623ce5dad">
						<WorkspaceChain left="40dpi_px" top="1469dpi_px" />
					</SpriteEditor>
				</Module>
			</Workspace>
		</Workspaces>
		<Dock state="Expanded" type="eRight" restore_size="305dpi_px" active_tab="0">
			<DockTab title="Resources" localise_title="ResourceTree_Title" cell_sizes="[889,110]" layout_id="dock_tab_1" layout_guid="335090fd-9a50-4caf-860c-96e171f89411">
				<Module Command="open_resource_tree">
					<ResourceWindow left="0px" right="" top="0px" bottom="" width="400px" height="600px" flags="CloseButton, ResizeButton" title="Resources" localise_title="ResourceTree_Title" active_view="Default" Scale="100" />
				</Module>
				<Module Command="open_recent_windows">
					<RecentWindowsWindow left="" right="" top="" bottom="" width="400dpi_px" height="100dpi_px" flags="Default" title="Recent Windows" localise_title="recentwindows_title" />
				</Module>
			</DockTab>
		</Dock>
		<Dock state="Collapsed" type="eBottom" restore_size="191.8dpi_px" active_tab="0">
			<DockTab title="Output" localise_title="OutputPanel_Output" cell_sizes="[1000]" layout_id="dock_tab_1" layout_guid="7266ad7a-b123-4a5e-8d16-a8e6bf1465f8">
				<Module Command="open_output_panel">
					<Window left="0px" right="" top="0px" bottom="" width="900px" height="240px" flags="Default" title="Output" localise_title="OutputPanel_Title" />
				</Module>
			</DockTab>
			<DockTab title="Search Results" localise_title="OutputPanel_SearchResults" cell_sizes="[1000]" layout_id="dock_tab_2" layout_guid="28d21700-9806-4089-b48e-c921a420a356">
				<Module Command="open_search_output_panel">
					<Window left="0px" right="" top="0px" bottom="" width="900px" height="240px" flags="Default" title="Search Results" localise_title="OutputPanel_SearchResults" />
				</Module>
			</DockTab>
			<DockTab title="Source Control" localise_title="OutputPanel_SourceControl" cell_sizes="[1000]" layout_id="dock_tab_3" layout_guid="85ef0f99-68ca-42c7-838a-3d33bc39ffa9">
				<Module Command="open_sc_output_panel">
					<Window left="0px" right="" top="0px" bottom="" width="900px" height="240px" flags="Default" title="Source Control" localise_title="OutputPanel_SourceControl" />
				</Module>
			</DockTab>
			<DockTab title="Breakpoints" localise_title="Breakpoints" cell_sizes="[1000]" layout_id="dock_tab_4" layout_guid="3027b48c-86d4-49a8-acc1-ca43e4b66d89">
				<Module Command="open_breakpoint_mgr">
					<Window left="0px" right="" top="0px" bottom="" width="900px" height="240px" flags="Default" title="Breakpoints" localise_title="Breakpoints" />
				</Module>
			</DockTab>
			<DockTab title="Compile Errors" localise_title="CompileErrors" cell_sizes="[1000]" layout_id="dock_tab_5" layout_guid="ca79e667-3415-4467-b395-dd1dcf594011">
				<Module Command="show_compile_errors">
					<Window left="0px" right="" top="0px" bottom="" width="900px" height="240px" flags="Default" title="Compile Errors" localise_title="CompileErrors" />
				</Module>
			</DockTab>
			<DockTab title="Syntax Errors" localise_title="SyntaxErrors" cell_sizes="[1000]" layout_id="dock_tab_6" layout_guid="2ed59934-7585-420a-8179-3466398ebe63">
				<Module Command="show_syntax_errors">
					<Window left="0px" right="" top="0px" bottom="" width="900px" height="240px" flags="Default" title="Syntax Errors" localise_title="SyntaxErrors" />
				</Module>
			</DockTab>
		</Dock>
	</Desktop>
</Project>